{"cameraMode":{"drawMode":0,"name":"Shaded","section":"Shading Mode"},"sceneLighting":true,"audioPlay":false,"sceneViewState":{"showFog":true,"showMaterialUpdate":true,"showSkybox":true,"showFlares":true,"showImageEffects":true,"showParticleSystems":true},"in2DMode":false,"pivot":{"x":-0.07784509658813477,"y":1.417689323425293,"z":-0.7133650779724121},"rotation":{"x":-0.05117129161953926,"y":0.9311358332633972,"z":-0.1438811719417572,"w":-0.3311583697795868},"size":10.0,"orthographic":false}